match_id,group,team1,team2,matchday,city,stadium,date,kickoff_time,risk,capacity,person_weighted_risk
A_1,A,1,2,1,Houston,NRG Stadium,6/14/2026,15:00,22.93,68777,1577056.61
A_2,A,3,4,1,Dallas,AT&T Stadium,6/11/2026,12:00,22.73,70649,1605851.77
A_3,A,1,3,2,Vancouver,BC Place,6/22/2026,15:00,21.67,52497,1137609.99
A_4,A,2,4,2,Seattle,Lumen Field,6/17/2026,12:00,20.37,66925,1363262.25
A_5,A,1,4,3,Seattle,Lumen Field,6/25/2026,12:00,20.37,66925,1363262.25
A_6,A,2,3,3,Toronto,BMO Field,6/25/2026,12:00,23.93,43036,1029851.48
B_1,B,1,2,1,Atlanta,Mercedes-Benz Stadium,6/13/2026,15:00,22.58,68239,1540836.62
B_2,B,3,4,1,Los Angeles,SoFi Stadium,6/13/2026,21:00,18.32,70492,1291413.44
B_3,B,1,3,2,Monterrey,Estadio BBVA,6/20/2026,18:00,27.26,51243,1396884.18
B_4,B,2,4,2,Dallas,AT&T Stadium,6/17/2026,12:00,22.73,70649,1605851.77
B_5,B,1,4,3,Houston,NRG Stadium,6/23/2026,15:00,22.93,68777,1577056.61
B_6,B,2,3,3,Vancouver,BC Place,6/23/2026,15:00,21.67,52497,1137609.99
C_1,C,1,2,1,Toronto,BMO Field,6/14/2026,12:00,23.93,43036,1029851.48
C_2,C,3,4,1,Dallas,AT&T Stadium,6/14/2026,12:00,22.73,70649,1605851.77
C_3,C,1,3,2,Miami,Hard Rock Stadium,6/20/2026,18:00,27.65,64478,1782816.7
C_4,C,2,4,2,Toronto,BMO Field,6/18/2026,12:00,23.93,43036,1029851.48
C_5,C,1,4,3,Miami,Hard Rock Stadium,6/24/2026,18:00,27.65,64478,1782816.7
C_6,C,2,3,3,Boston,Gillette Stadium,6/24/2026,18:00,24.32,64146,1560030.72
D_1,D,1,2,1,Houston,NRG Stadium,6/12/2026,15:00,22.93,68777,1577056.61
D_2,D,3,4,1,Miami,Hard Rock Stadium,6/11/2026,18:00,27.65,64478,1782816.7
D_3,D,1,3,2,Atlanta,Mercedes-Benz Stadium,6/19/2026,12:00,22.41,68239,1529235.99
D_4,D,2,4,2,Toronto,BMO Field,6/20/2026,12:00,23.93,43036,1029851.48
D_5,D,1,4,3,Monterrey,Estadio BBVA,6/23/2026,18:00,27.26,51243,1396884.18
D_6,D,2,3,3,Guadalajara,Estadio Akron,6/23/2026,18:00,21.85,45664,997758.4
E_1,E,1,2,1,Philadelphia,Lincoln Financial Field,6/13/2026,18:00,26.22,68324,1791455.28
E_2,E,3,4,1,Monterrey,Estadio BBVA,6/13/2026,18:00,27.26,51243,1396884.18
E_3,E,1,3,2,San Francisco Bay Area,Levi's Stadium,6/19/2026,21:00,17.71,68827,1218926.17
E_4,E,2,4,2,Kansas City,Arrowhead Stadium,6/20/2026,21:00,25.07,69045,1730958.15
E_5,E,1,4,3,Seattle,Lumen Field,6/27/2026,12:00,20.37,66925,1363262.25
E_6,E,2,3,3,Atlanta,Mercedes-Benz Stadium,6/27/2026,12:00,22.41,68239,1529235.99
F_1,F,1,2,1,Vancouver,BC Place,6/13/2026,15:00,21.67,52497,1137609.99
F_2,F,3,4,1,Guadalajara,Estadio Akron,6/12/2026,18:00,21.85,45664,997758.4
F_3,F,1,3,2,Los Angeles,SoFi Stadium,6/17/2026,21:00,18.32,70492,1291413.44
F_4,F,2,4,2,Monterrey,Estadio BBVA,6/21/2026,18:00,27.26,51243,1396884.18
F_5,F,1,4,3,San Francisco Bay Area,Levi's Stadium,6/27/2026,21:00,17.71,68827,1218926.17
F_6,F,2,3,3,Mexico City,Estadio Azteca,6/27/2026,21:00,15.77,80824,1274594.48
G_1,G,1,2,1,Atlanta,Mercedes-Benz Stadium,6/16/2026,12:00,22.41,68239,1529235.99
G_2,G,3,4,1,Guadalajara,Estadio Akron,6/14/2026,18:00,21.85,45664,997758.4
G_3,G,1,3,2,Toronto,BMO Field,6/19/2026,12:00,23.93,43036,1029851.48
G_4,G,2,4,2,Vancouver,BC Place,6/19/2026,15:00,21.67,52497,1137609.99
G_5,G,1,4,3,New York New Jersey,MetLife Stadium,6/25/2026,21:00,22.66,80663,1827823.58
G_6,G,2,3,3,Boston,Gillette Stadium,6/25/2026,21:00,21.32,64146,1367592.72
H_1,H,1,2,1,Kansas City,Arrowhead Stadium,6/16/2026,12:00,28.93,69045,1997471.85
H_2,H,3,4,1,Mexico City,Estadio Azteca,6/16/2026,21:00,15.77,80824,1274594.48
H_3,H,1,3,2,Kansas City,Arrowhead Stadium,6/19/2026,12:00,28.93,69045,1997471.85
H_4,H,2,4,2,Seattle,Lumen Field,6/19/2026,12:00,20.37,66925,1363262.25
H_5,H,1,4,3,Philadelphia,Lincoln Financial Field,6/25/2026,18:00,26.22,68324,1791455.28
H_6,H,2,3,3,Guadalajara,Estadio Akron,6/25/2026,18:00,21.85,45664,997758.4
I_1,I,1,2,1,Monterrey,Estadio BBVA,6/12/2026,18:00,27.26,51243,1396884.18
I_2,I,3,4,1,Seattle,Lumen Field,6/15/2026,12:00,20.37,66925,1363262.25
I_3,I,1,3,2,Los Angeles,SoFi Stadium,6/20/2026,21:00,18.32,70492,1291413.44
I_4,I,2,4,2,Mexico City,Estadio Azteca,6/18/2026,21:00,15.77,80824,1274594.48
I_5,I,1,4,3,Monterrey,Estadio BBVA,6/26/2026,18:00,27.26,51243,1396884.18
I_6,I,2,3,3,Boston,Gillette Stadium,6/26/2026,18:00,24.32,64146,1560030.72
J_1,J,1,2,1,Toronto,BMO Field,6/16/2026,12:00,23.93,43036,1029851.48
J_2,J,3,4,1,San Francisco Bay Area,Levi's Stadium,6/15/2026,21:00,17.71,68827,1218926.17
J_3,J,1,3,2,Atlanta,Mercedes-Benz Stadium,6/20/2026,15:00,22.58,68239,1540836.62
J_4,J,2,4,2,Mexico City,Estadio Azteca,6/20/2026,21:00,15.77,80824,1274594.48
J_5,J,1,4,3,New York New Jersey,MetLife Stadium,6/26/2026,21:00,22.66,80663,1827823.58
J_6,J,2,3,3,San Francisco Bay Area,Levi's Stadium,6/26/2026,21:00,17.71,68827,1218926.17
K_1,K,1,2,1,San Francisco Bay Area,Levi's Stadium,6/13/2026,21:00,17.71,68827,1218926.17
K_2,K,3,4,1,Atlanta,Mercedes-Benz Stadium,6/15/2026,15:00,22.58,68239,1540836.62
K_3,K,1,3,2,Mexico City,Estadio Azteca,6/19/2026,21:00,15.77,80824,1274594.48
K_4,K,2,4,2,Seattle,Lumen Field,6/20/2026,12:00,20.37,66925,1363262.25
K_5,K,1,4,3,Guadalajara,Estadio Akron,6/26/2026,18:00,21.85,45664,997758.4
K_6,K,2,3,3,Philadelphia,Lincoln Financial Field,6/26/2026,18:00,26.22,68324,1791455.28
L_1,L,1,2,1,San Francisco Bay Area,Levi's Stadium,6/11/2026,21:00,17.71,68827,1218926.17
L_2,L,3,4,1,Vancouver,BC Place,6/15/2026,15:00,21.67,52497,1137609.99
L_3,L,1,3,2,Vancouver,BC Place,6/18/2026,15:00,21.67,52497,1137609.99
L_4,L,2,4,2,Guadalajara,Estadio Akron,6/18/2026,18:00,21.85,45664,997758.4
L_5,L,1,4,3,Mexico City,Estadio Azteca,6/23/2026,21:00,15.77,80824,1274594.48
L_6,L,2,3,3,New York New Jersey,MetLife Stadium,6/23/2026,21:00,22.66,80663,1827823.58
