City,Date,WBGT_12,WBGT_15,WBGT_18,WBGT_21,Climate_Controlled
Atlanta,6/11/2026,20.76,20.85,21.46,20.89,1
Atlanta,6/12/2026,23.17,26.04,24.84,22.72,1
Atlanta,6/13/2026,25.32,26.21,25.71,23.55,1
Atlanta,6/14/2026,27.4,28.33,27.21,24.09,1
Atlanta,6/15/2026,27.62,27.7,25.75,21.71,1
Atlanta,6/16/2026,24.54,25.12,24.16,20.51,1
Atlanta,6/17/2026,23.12,23.89,23.08,20.44,1
Atlanta,6/18/2026,23.1,23.88,22.4,19.67,1
Atlanta,6/19/2026,22.62,22.89,21.47,18.81,1
Atlanta,6/20/2026,22.6,23.09,21.56,19.52,1
Atlanta,6/21/2026,23.5,24.21,22.78,20.54,1
Atlanta,6/22/2026,24.08,25.99,24.9,22.2,1
Atlanta,6/23/2026,25.2,25.46,24.03,21.05,1
Atlanta,6/24/2026,24.79,24.61,23.9,20.98,1
Atlanta,6/25/2026,23.41,24.03,22.97,20.37,1
Atlanta,6/26/2026,21.48,21.41,22.92,21.61,1
Atlanta,6/27/2026,24,27.63,26.79,22.7,1
Boston,6/11/2026,27.47,27.86,24.9,22.31,0
Boston,6/12/2026,26.38,26.61,25.2,22.6,0
Boston,6/13/2026,27.62,27.92,26.58,23.43,0
Boston,6/14/2026,26.54,24.4,21.95,15.39,0
Boston,6/15/2026,14.88,12.44,11.43,10.22,0
Boston,6/16/2026,16.41,16.62,15.57,12.15,0
Boston,6/17/2026,18.47,19.23,17.97,15.42,0
Boston,6/18/2026,14.52,15.63,15.13,11.88,0
Boston,6/19/2026,13.68,14.66,14.55,11.89,0
Boston,6/20/2026,19.05,20.99,18.41,13.31,0
Boston,6/21/2026,22.52,23.54,22.38,17.51,0
Boston,6/22/2026,19.57,18.48,18.83,15.93,0
Boston,6/23/2026,18.49,19.72,18.79,14.21,0
Boston,6/24/2026,22.9,23.6,22.59,18.1,0
Boston,6/25/2026,26.64,27.73,26.12,20.95,0
Boston,6/26/2026,28.79,28.72,26.46,22.73,0
Boston,6/27/2026,26.56,27.29,25.16,21.83,0
Dallas,6/11/2026,26.4,27.58,27.03,23.69,1
Dallas,6/12/2026,27.98,29.02,27.56,24.51,1
Dallas,6/13/2026,28.35,27.67,27.27,25.23,1
Dallas,6/14/2026,25.83,27.85,27.05,25.24,1
Dallas,6/15/2026,28.66,29.86,28.01,25.74,1
Dallas,6/16/2026,29.81,30.36,28.7,25.56,1
Dallas,6/17/2026,28.79,30.03,27.85,25.16,1
Dallas,6/18/2026,28.43,29.26,28.77,26.08,1
Dallas,6/19/2026,27.24,28.45,27.17,23.69,1
Dallas,6/20/2026,25.65,27.04,25.29,21.98,1
Dallas,6/21/2026,25.66,26.87,25.98,23.25,1
Dallas,6/22/2026,26.19,27.41,26.31,24.04,1
Dallas,6/23/2026,27.22,27.79,26.91,24.07,1
Dallas,6/24/2026,27.11,27.01,26.21,23.42,1
Dallas,6/25/2026,27.22,27.93,26.41,24.28,1
Dallas,6/26/2026,27.51,26.72,26.2,23.72,1
Dallas,6/27/2026,27.98,27.92,26.57,23.99,1
Guadalajara,6/11/2026,22.84,23.62,21.32,18.15,0
Guadalajara,6/12/2026,22.2,22.92,20.52,16.74,0
Guadalajara,6/13/2026,21.96,23.45,21.3,18.46,0
Guadalajara,6/14/2026,24.03,24.81,21.5,18.07,0
Guadalajara,6/15/2026,23.15,24.39,22.05,19,0
Guadalajara,6/16/2026,23.81,24.65,21.35,19.72,0
Guadalajara,6/17/2026,24.51,24.34,21.71,19.52,0
Guadalajara,6/18/2026,24.86,25.86,21.6,19.52,0
Guadalajara,6/19/2026,23.8,24.09,21.25,19.35,0
Guadalajara,6/20/2026,23.16,24.1,21.37,18.32,0
Guadalajara,6/21/2026,21.88,22.51,20.42,17.84,0
Guadalajara,6/22/2026,21.38,21.48,19.28,18.04,0
Guadalajara,6/23/2026,22.27,23.18,19.82,18.33,0
Guadalajara,6/24/2026,23.68,24.58,20.14,18.32,0
Guadalajara,6/25/2026,24.05,24.12,21.61,18.41,0
Guadalajara,6/26/2026,22.35,22.55,22.58,18.49,0
Guadalajara,6/27/2026,22.49,23.16,22.7,19.51,0
Houston,6/11/2026,28.24,28.37,27.82,25.23,1
Houston,6/12/2026,28.7,28.72,27.72,24.6,1
Houston,6/13/2026,29.01,29.31,27.53,25.06,1
Houston,6/14/2026,29.37,30.4,28.17,25.85,1
Houston,6/15/2026,30.28,30.89,28.87,26.19,1
Houston,6/16/2026,29.95,30.45,28.31,25.95,1
Houston,6/17/2026,29.52,30.36,28.78,26.1,1
Houston,6/18/2026,28.8,29.95,28.71,26.16,1
Houston,6/19/2026,28.54,29.8,28.03,25.33,1
Houston,6/20/2026,27.25,27.9,26.44,23.03,1
Houston,6/21/2026,26.89,26.97,26.3,23.23,1
Houston,6/22/2026,27.44,27.29,26.52,24.24,1
Houston,6/23/2026,27.1,27.95,26.38,23.74,1
Houston,6/24/2026,27.56,27.59,26.34,24.11,1
Houston,6/25/2026,28.52,28.23,26.66,24.54,1
Houston,6/26/2026,28.27,28.41,26.15,24.28,1
Houston,6/27/2026,28.59,29.34,26.88,24.83,1
Kansas City,6/11/2026,25.84,23.83,24.62,22.53,0
Kansas City,6/12/2026,25.9,27.45,25.77,21.51,0
Kansas City,6/13/2026,22.26,25.61,24.6,20.37,0
Kansas City,6/14/2026,21.63,23.21,21.85,19.83,0
Kansas City,6/15/2026,22.81,24.19,23.26,20.98,0
Kansas City,6/16/2026,22.53,25.82,24.04,21.44,0
Kansas City,6/17/2026,23.83,24.15,22.11,18.58,0
Kansas City,6/18/2026,22.47,23.84,22.81,19.73,0
Kansas City,6/19/2026,23.73,25,23.88,20.57,0
Kansas City,6/20/2026,24.58,26,24.55,21.59,0
Kansas City,6/21/2026,26.06,28.17,27,25.05,0
Kansas City,6/22/2026,28.09,29.17,27.63,24.75,0
Kansas City,6/23/2026,26.9,28.02,26.61,23.32,0
Kansas City,6/24/2026,27.85,28.57,27.14,24.15,0
Kansas City,6/25/2026,27.92,27.76,26.65,23.9,0
Kansas City,6/26/2026,27.61,27.57,26.46,24.01,0
Kansas City,6/27/2026,28.05,27.36,26.97,23.69,0
Los Angeles,6/11/2026,20.4,22.25,19.38,15.83,0
Los Angeles,6/12/2026,21,22.65,20.21,16.92,0
Los Angeles,6/13/2026,22.98,24.63,22.11,17.6,0
Los Angeles,6/14/2026,21.45,22.86,20.1,15.83,0
Los Angeles,6/15/2026,20.77,21.99,19.3,15.43,0
Los Angeles,6/16/2026,20.1,21.01,18.14,14.45,0
Los Angeles,6/17/2026,19.06,19.29,17.65,14.37,0
Los Angeles,6/18/2026,18.5,19.7,17.31,14.49,0
Los Angeles,6/19/2026,19.91,20.74,18.71,15.91,0
Los Angeles,6/20/2026,22.5,23.36,21.09,17.65,0
Los Angeles,6/21/2026,23.73,24.61,22.15,18.28,0
Los Angeles,6/22/2026,23.9,24.13,21.51,17.57,0
Los Angeles,6/23/2026,21.64,22.89,20.48,16.71,0
Los Angeles,6/24/2026,22.62,22.92,19.44,15.79,0
Los Angeles,6/25/2026,19.6,20.54,17.96,14.55,0
Los Angeles,6/26/2026,19.58,20.46,18.08,14.43,0
Los Angeles,6/27/2026,18.71,19.29,17.67,14.11,0
Mexico City,6/11/2026,20.92,20.97,18.56,15.67,0
Mexico City,6/12/2026,20.9,19.63,18.48,15.96,0
Mexico City,6/13/2026,20.85,20.1,17.96,14.97,0
Mexico City,6/14/2026,19.55,19.99,17.35,13.79,0
Mexico City,6/15/2026,17.14,16.16,14.93,14,0
Mexico City,6/16/2026,16.34,16.99,15.52,15.61,0
Mexico City,6/17/2026,20.63,20.18,17.32,15.57,0
Mexico City,6/18/2026,20.31,20.9,17.56,15.04,0
Mexico City,6/19/2026,20.44,20.29,17.44,13.98,0
Mexico City,6/20/2026,19.15,18.92,16.62,13.73,0
Mexico City,6/21/2026,16.67,16.36,14.65,13.58,0
Mexico City,6/22/2026,18.42,18.22,14.84,13.85,0
Mexico City,6/23/2026,19.22,20.21,15.87,14.25,0
Mexico City,6/24/2026,19.54,19.07,15.13,14.06,0
Mexico City,6/25/2026,16.35,16.99,14.29,13.55,0
Mexico City,6/26/2026,19.78,18.42,15.18,13.86,0
Mexico City,6/27/2026,17.27,17.95,15.17,14.17,0
Miami,6/11/2026,26.04,27.8,26.8,25.45,0
Miami,6/12/2026,27.72,27.52,25.96,24.59,0
Miami,6/13/2026,27.54,27.49,26.4,24.3,0
Miami,6/14/2026,28.03,28.5,27.17,24.99,0
Miami,6/15/2026,28.06,28.61,27,25.5,0
Miami,6/16/2026,29.29,30.28,27.18,23.67,0
Miami,6/17/2026,29.29,28.89,26.92,25,0
Miami,6/18/2026,28.4,27.66,26.35,25.03,0
Miami,6/19/2026,29.16,26.47,25.88,24.51,0
Miami,6/20/2026,25.6,26.12,24.17,23.51,0
Miami,6/21/2026,26.54,27.63,25.21,24.84,0
Miami,6/22/2026,25.48,26.87,24.49,24.39,0
Miami,6/23/2026,24.85,25.8,24.74,22.9,0
Miami,6/24/2026,27.53,27.55,25.38,23.98,0
Miami,6/25/2026,27.99,28.16,26.68,24.95,0
Miami,6/26/2026,28.26,29.28,26.65,25.34,0
Miami,6/27/2026,27.96,27.7,26.91,25.56,0
Monterrey,6/11/2026,28.41,28.17,27.17,25.36,0
Monterrey,6/12/2026,28.8,29.5,27.63,25.35,0
Monterrey,6/13/2026,29.18,29.92,26.69,24.9,0
Monterrey,6/14/2026,28.6,27.46,25.68,23.63,0
Monterrey,6/15/2026,27.39,27.66,25.37,23.02,0
Monterrey,6/16/2026,27.96,27.63,25.92,23.62,0
Monterrey,6/17/2026,29.13,29.36,27.04,24.21,0
Monterrey,6/18/2026,29.07,29.04,26.63,24.25,0
Monterrey,6/19/2026,28.83,29.8,26.59,23.82,0
Monterrey,6/20/2026,27.02,26.96,24.2,21.94,0
Monterrey,6/21/2026,26.14,26.59,24.19,22.16,0
Monterrey,6/22/2026,25.74,26.12,24.3,22.11,0
Monterrey,6/23/2026,26.19,26.55,24.28,22.39,0
Monterrey,6/24/2026,26.31,26.79,24.4,21.95,0
Monterrey,6/25/2026,25.98,26.45,24.5,22.28,0
Monterrey,6/26/2026,25.87,26.8,24.7,22.08,0
Monterrey,6/27/2026,26.54,27.21,24.78,22.27,0
New York,6/11/2026,27.14,27.7,25.28,23.82,0
New York,6/12/2026,27.39,26.65,25.05,22.33,0
New York,6/13/2026,27.23,28.08,26.78,24.77,0
New York,6/14/2026,28.05,27.93,27.01,23.49,0
New York,6/15/2026,26.8,23.15,21.68,19.14,0
New York,6/16/2026,24.07,22.99,21.65,19.18,0
New York,6/17/2026,18.88,19,18.59,15.7,0
New York,6/18/2026,18.7,19.73,19.1,17.43,0
New York,6/19/2026,17.96,18.98,17.74,15.34,0
New York,6/20/2026,18.68,21.21,19.29,15.33,0
New York,6/21/2026,22.99,24.56,22.81,19.21,0
New York,6/22/2026,23.88,22.96,20.84,19.19,0
New York,6/23/2026,19.91,21.77,20.1,16.1,0
New York,6/24/2026,23.8,25.56,24.25,20.26,0
New York,6/25/2026,26.83,28.26,26.64,22.39,0
New York,6/26/2026,27.92,28.12,26.22,22.33,0
New York,6/27/2026,25.57,23.18,22.52,21.83,0
Philadelphia,6/11/2026,27.95,27.65,26.29,22.91,0
Philadelphia,6/12/2026,26.62,26.47,25.42,22.8,0
Philadelphia,6/13/2026,27.52,27.89,27.27,24.72,0
Philadelphia,6/14/2026,27.9,29.61,28.37,24.83,0
Philadelphia,6/15/2026,26.76,26.04,24.03,21.35,0
Philadelphia,6/16/2026,24.79,23.38,21.71,17.84,0
Philadelphia,6/17/2026,17.58,19.25,18.72,16.18,0
Philadelphia,6/18/2026,20.15,19.46,18.97,17.32,0
Philadelphia,6/19/2026,18.47,19.62,18.42,16.35,0
Philadelphia,6/20/2026,18.97,20.48,19.33,16.35,0
Philadelphia,6/21/2026,22.37,23.92,22.63,19.05,0
Philadelphia,6/22/2026,24.04,25.11,21.32,19.98,0
Philadelphia,6/23/2026,21.38,22.34,21.74,18.64,0
Philadelphia,6/24/2026,24.78,25.4,24.07,19.45,0
Philadelphia,6/25/2026,26.99,28,26.13,21.77,0
Philadelphia,6/26/2026,27.21,27.61,25.14,22.26,0
Philadelphia,6/27/2026,22.81,21.91,22.2,22.02,0
San Francisco,6/11/2026,19.81,20.48,16.26,11.76,0
San Francisco,6/12/2026,20.85,22.41,20.36,16.01,0
San Francisco,6/13/2026,23.21,24.46,20.84,16,0
San Francisco,6/14/2026,20.82,21.26,17.39,13.14,0
San Francisco,6/15/2026,19.7,20.26,16.03,11.23,0
San Francisco,6/16/2026,13.62,13.69,14.23,13.42,0
San Francisco,6/17/2026,15.97,16.11,14.75,12.93,0
San Francisco,6/18/2026,16.8,17.06,16.49,13.84,0
San Francisco,6/19/2026,18.82,19.22,16.75,12.99,0
San Francisco,6/20/2026,19.31,19.57,16.6,12.64,0
San Francisco,6/21/2026,18.23,19.25,16.36,12.66,0
San Francisco,6/22/2026,19.2,21.02,18.55,14.41,0
San Francisco,6/23/2026,18.09,20.22,17.75,13.97,0
San Francisco,6/24/2026,18.68,20.29,17.37,13.4,0
San Francisco,6/25/2026,18.01,19.28,17.05,13.3,0
San Francisco,6/26/2026,18.32,19.95,17.77,13.96,0
San Francisco,6/27/2026,16.9,18.93,17.12,13.72,0
Seattle,6/11/2026,14.03,14.93,12.68,10.67,0
Seattle,6/12/2026,14.34,14.24,13.23,11.42,0
Seattle,6/13/2026,14.25,15.57,14.47,11.95,0
Seattle,6/14/2026,13.35,15.19,13.36,11.14,0
Seattle,6/15/2026,13.92,16.33,14.3,12.45,0
Seattle,6/16/2026,16.12,18.21,16.2,14.43,0
Seattle,6/17/2026,15.63,16.48,16.04,14.22,0
Seattle,6/18/2026,16.27,18.07,16.59,13.95,0
Seattle,6/19/2026,18.94,20.08,18.12,14.25,0
Seattle,6/20/2026,20.45,21.59,20.28,17.74,0
Seattle,6/21/2026,21.06,21.21,19.85,16.17,0
Seattle,6/22/2026,14.99,15.62,16.01,14.07,0
Seattle,6/23/2026,16.62,18.82,17.16,14.01,0
Seattle,6/24/2026,18.76,20.36,19.11,15.43,0
Seattle,6/25/2026,14.82,17.26,17.57,16.31,0
Seattle,6/26/2026,15.27,15.23,14.65,13.64,0
Seattle,6/27/2026,13.35,14.76,15.13,14.49,0
Toronto,6/11/2026,21.98,21.81,20.45,19.65,0
Toronto,6/12/2026,22.69,22.11,21.6,19.89,0
Toronto,6/13/2026,21.08,21.93,19.18,18.56,0
Toronto,6/14/2026,21.58,22.74,22.09,20.45,0
Toronto,6/15/2026,19.88,19.07,18.81,17.29,0
Toronto,6/16/2026,14.77,14.07,14.48,13.44,0
Toronto,6/17/2026,15.54,15.86,15.07,14.41,0
Toronto,6/18/2026,14.54,15.62,14.78,14.24,0
Toronto,6/19/2026,15.13,15.98,15.13,13.8,0
Toronto,6/20/2026,17.93,18.96,18.62,16.96,0
Toronto,6/21/2026,21.59,20.92,19.63,18.18,0
Toronto,6/22/2026,16.8,18.79,17.64,15.62,0
Toronto,6/23/2026,19.27,20.56,20.16,18.03,0
Toronto,6/24/2026,22.85,24.27,23.13,20.76,0
Toronto,6/25/2026,24.72,24.81,24.32,20.69,0
Toronto,6/26/2026,21.02,22.59,20.89,18.82,0
Toronto,6/27/2026,21.47,22.15,20,18.22,0
Vancouver,6/11/2026,14.08,13.99,13.41,11.38,0
Vancouver,6/12/2026,14.2,14.7,12.87,10.85,0
Vancouver,6/13/2026,13.31,14.69,14.21,11.95,0
Vancouver,6/14/2026,14.77,14.88,13.3,11.55,0
Vancouver,6/15/2026,14.6,15.33,15.05,12.98,0
Vancouver,6/16/2026,17.65,16.76,17.09,15.19,0
Vancouver,6/17/2026,13.72,14.28,14.37,13.4,0
Vancouver,6/18/2026,14.87,15.57,15.37,13.96,0
Vancouver,6/19/2026,17,18.36,17.9,15.94,0
Vancouver,6/20/2026,20.38,21.83,21.03,18.85,0
Vancouver,6/21/2026,22.3,21.71,20.01,17.24,0
Vancouver,6/22/2026,15.64,16.64,16.02,14.14,0
Vancouver,6/23/2026,16.53,17.63,17.13,15.04,0
Vancouver,6/24/2026,18.49,19.62,18.63,16.32,0
Vancouver,6/25/2026,18.34,18.93,18.24,16.29,0
Vancouver,6/26/2026,16.14,17.14,15.81,14.56,0
Vancouver,6/27/2026,14.77,16.82,15.88,14.42,0
